stat,model,n,wmse,rmse,vs_baseline_pct,selected
ast,baseline,1668,0.7999845527692033,0.8944185556936994,0.0,False
ast,lgbm,1668,0.7675933555277287,0.8761240525905727,-4.048977837053258,False
ast,ridge,1668,0.7535585396486799,0.8680774963381322,-5.803363697438469,True
avail,baseline,1745,0.06101914796437355,0.24702054158383985,0.0,False
avail,lgbm,1745,0.056452554355097086,0.2375974628549242,-7.483869836961176,True
avail,ridge,1745,0.05838559918371929,0.24163112213396537,-4.31593830545105,False
blk,baseline,1668,0.0662943661334872,0.257476923497014,0.0,False
blk,lgbm,1668,0.06656237430797018,0.25799684941481393,0.4042699102716041,False
blk,ridge,1668,0.0641653404080149,0.25330878470360024,-3.2114730853378903,True
fga2,baseline,1668,2.5482990915464634,1.5963392783322923,0.0,False
fga2,lgbm,1668,2.3047652596947645,1.5181453354981416,-9.556720899033389,False
fga2,ridge,1668,2.2826911663407214,1.5108577584738814,-10.422949413075166,True
fga3,baseline,1668,1.3496100463874643,1.161727182426005,0.0,False
fga3,lgbm,1668,1.3136405859525841,1.1461416081586884,-2.6651743243287562,False
fga3,ridge,1668,1.3015795403387358,1.140867889082139,-3.5588432508555368,True
ft,baseline,1668,0.0024570358064997483,0.04956849610891729,0.0,True
ft,ridge,1668,0.002462968223231487,0.04962830062808404,0.24144608377481003,False
fta,baseline,1668,0.9807290016483332,0.9903176266472961,0.0,False
fta,lgbm,1668,0.9200544971031153,0.9591947128206636,-6.186673835814071,False
fta,ridge,1668,0.9166178641859313,0.9574016211527591,-6.537089996793089,True
mpg,baseline,1668,21.592131173696938,4.646733387412811,0.0,False
mpg,lgbm,1668,18.096064985191408,4.253946988996384,-16.191390096612423,True
mpg,ridge,1668,18.620497862544816,4.315147490242346,-13.762575297671864,False
p2,baseline,1668,0.0015888648981765194,0.039860568211912376,0.0,False
p2,ridge,1668,0.0015659552203254844,0.03957215208104665,-1.441889607941349,True
p3,baseline,1631,0.0014017509966805768,0.03743996523343173,0.0,False
p3,ridge,1631,0.0013955303602733303,0.037356798046317224,-0.44377613584561937,True
reb,baseline,1668,0.8471009451694125,0.920380869623773,0.0,True
reb,lgbm,1668,0.8717473202553944,0.9336740974533857,2.9094968228435603,False
reb,ridge,1668,0.8530456291887696,0.9236046931392075,0.7017680777310797,False
stl,baseline,1668,0.0679927944686053,0.26075427986632416,0.0,True
stl,lgbm,1668,0.06826603387744692,0.26127769494820435,0.40186524318805983,False
stl,ridge,1668,0.069087178199442,0.26284439921642233,1.609558394223698,False
tov,baseline,1668,0.18243790367639945,0.42712750283305273,0.0,False
tov,lgbm,1668,0.17862619545833253,0.4226419234509664,-2.0893181412717676,False
tov,ridge,1668,0.17721983790372142,0.42097486611877605,-2.8601873116968157,True
